,feature name,feature value,min,1q,median,3q,max,mean,sd,n (nearest 5),kfold
0,stroke_severity_arrival,0.0,-38.789700134226585,34.62008137888508,39.17191726683872,43.096472280037126,83.24930339393438,37.68688030078471,8.630057455497237,1830,0
1,stroke_severity_arrival,1.0,6.781090587379876,44.441180354615206,48.47456233135657,52.05711785883876,86.87098360206234,48.010962567863054,6.603068383966887,2250,0
2,stroke_severity_arrival,2.0,-2.9329350784234705,40.83844348593848,44.776586546369366,48.185734789681156,82.73999749714741,44.1130905425868,6.5490381380556295,2970,0
3,stroke_severity_arrival,3.0,-7.770284304197412,32.30325319764437,36.00963173500495,39.4128546841559,80.66595388575689,35.60726411869789,6.489450416793173,2670,0
4,stroke_severity_arrival,4.0,6.409005462026689,30.277452852271963,33.981693384342364,36.190512431107926,67.98562454583356,33.274779739641396,5.643915042589106,2190,0
5,stroke_severity_arrival,5.0,5.586450625353027,26.388644023996314,29.368714370664676,31.539702724158996,57.53516983555863,29.370573632174725,4.712824661676013,1865,0
6,stroke_severity_arrival,6.0,5.666760665385518,23.04520630261162,25.931875018349384,28.308193370366936,61.041558171699286,25.847115847656607,4.873337724071952,1675,0
7,stroke_severity_arrival,7.0,-15.888630726241972,10.828278202547226,14.651104338932782,17.404696516136173,66.23975545976543,14.41579600260584,6.713515311871061,1240,0
8,stroke_severity_arrival,8.0,-12.114962956958916,2.635543350179214,6.495743047988508,9.545599714164855,51.85493045088137,6.291204421930443,5.749548942298769,1025,0
9,stroke_severity_arrival,9.0,-44.6189883024781,-1.3696112611680291,2.070897533094976,5.195878028927837,39.45983710021712,2.0059198873005717,6.4955840541515295,875,0
10,stroke_severity_arrival,10.0,-83.18447105761385,-8.275928650887217,-5.195407384790014,-1.937530315348413,22.689187167698982,-5.550076595539123,7.4356695397872095,780,0
11,stroke_severity_arrival,11.0,-56.50924495452782,-14.974640929640735,-9.317677626796067,-5.285214058642741,28.888208971566055,-10.334937029393162,9.040720419034724,695,0
12,stroke_severity_arrival,12.0,-63.95240070421249,-28.872910330863668,-21.921016290336848,-14.186905046943576,21.73181319622323,-21.515172876111052,12.447931850478113,620,0
13,stroke_severity_arrival,13.0,-78.74712728890357,-43.19596821516985,-33.37757125490112,-25.093788740120363,31.418555832651908,-32.9813111674206,15.06754315633014,555,0
14,stroke_severity_arrival,14.0,-119.90844331817934,-60.97832021101611,-53.65896150266985,-42.77606620307779,-4.154517044648528,-51.38922486980752,13.708141573202743,570,0
15,stroke_severity_arrival,15.0,-101.22509210542077,-59.72170330450288,-52.15588071055012,-41.62683745576301,2.164294540581759,-50.64225464129556,14.197866854083971,500,0
16,stroke_severity_arrival,16.0,-100.1907558448636,-72.04608071548748,-61.20614886896918,-51.438272675506305,-13.197448824159801,-60.8364809694549,15.00366019043566,515,0
17,stroke_severity_arrival,17.0,-105.99113343983889,-77.40655169771286,-66.21075398921036,-54.36216869228985,9.574922583233565,-64.38556218685885,16.994082108789584,520,0
18,stroke_severity_arrival,18.0,-144.43677597320638,-93.17382208201103,-85.57235948854127,-75.47858418081887,-8.547946622874587,-82.4750988586871,17.690067691908485,505,0
19,stroke_severity_arrival,19.0,-135.06568489022553,-103.04809100849553,-92.59585987835658,-80.41543236017228,3.8688572788052262,-90.14353531363942,19.35445716729368,500,0
20,stroke_severity_arrival,20.0,-144.12144294368102,-113.91053338046186,-101.38989308478311,-89.70155080311001,-25.778710588030517,-100.3257040836467,18.76783448548576,395,0
21,stroke_severity_arrival,21.0,-177.22594355933367,-124.66557423555292,-111.98383397494908,-99.05276394452201,-35.06489718221128,-109.64355835454187,20.104135200274303,400,0
22,stroke_severity_arrival,22.0,-160.59923275593667,-130.540269330116,-119.80842282263562,-106.82872710863128,-43.54121397070587,-115.88941291237954,19.947007969036807,360,0
23,stroke_severity_arrival,23.0,-169.45865723723546,-136.64447365402245,-125.81853536573239,-111.0131988019077,-53.855507232807575,-122.17405920014181,19.970494964743292,350,0
24,stroke_severity_arrival,24.0,-168.26943634612485,-144.40931134498214,-131.86915909165518,-114.80301130685024,-50.65866116221994,-128.1336002303136,21.868459001931296,285,0
25,stroke_severity_arrival,25.0,-181.68223609417677,-152.818195978757,-139.21464881673455,-119.37538738667965,-44.421751800514755,-133.29594120230178,27.336837699062105,250,0
26,stroke_severity_arrival,26.0,-183.50676957620308,-155.98688743286766,-139.80802786460146,-122.62500716177746,-61.0480741347,-137.35483882944956,24.560731873635543,235,0
27,stroke_severity_arrival,27.0,-188.56624425312503,-168.13750568273477,-159.57555270574522,-145.72402268867938,-58.7689909872599,-154.82752429374693,20.918949743005594,165,0
28,stroke_severity_arrival,28.0,-208.47212993819267,-171.24409572083502,-157.23397043069824,-144.97670057991985,-75.0003326374013,-155.07924409837196,24.341312095303355,145,0
29,stroke_severity_arrival,29.0,-195.9997965143621,-169.32131432233376,-159.19843165765516,-147.89712641185616,-96.31568867935799,-156.86542438497776,19.08100186576815,85,0
30,stroke_severity_arrival,30.0,-222.96383439546452,-183.8746385231451,-165.28422760007902,-152.68927050254774,-101.53214492331259,-167.08826110069472,26.61055446965286,65,0
31,stroke_severity_arrival,31.0,-190.36302751187236,-162.76954617989247,-148.1393455131352,-136.4375457889284,-84.64613714291714,-146.04875000815457,24.753557528032655,50,0
32,stroke_severity_arrival,32.0,-218.58561389352195,-178.0846116849943,-163.11581019346602,-153.74407991446554,-105.48134850024246,-164.61773950718356,23.78533581459556,35,0
33,stroke_severity_arrival,33.0,-223.19274938562884,-169.22558253702942,-150.36724461135918,-115.09234400340122,-61.72341153223068,-141.99667911954592,39.93673547726166,25,0
34,stroke_severity_arrival,34.0,-257.8626370551251,-228.36934875361854,-194.40408069313037,-175.33060619093712,-168.04894089180976,-201.44957253973155,28.697934282486205,20,0
35,stroke_severity_arrival,35.0,-205.17296892605722,-185.73976401170017,-156.84439673984423,-147.37502931383437,-101.10788823647425,-161.95507576967063,25.720531790836,15,0
36,stroke_severity_arrival,36.0,-203.5289919574838,-168.48134322877507,-159.0815966150351,-151.36941036468372,-118.52382826106623,-160.66143247953025,22.175835756194886,10,0
37,stroke_severity_arrival,37.0,-256.9094847343303,-238.80341167797337,-207.85908144409768,-194.3334654003661,-175.57604681622237,-215.2311953073328,28.24008392509688,<10,0
38,stroke_severity_arrival,38.0,-226.4623230390623,-215.1361760129477,-183.89663044300397,-164.58084294622765,-155.7930817290768,-188.6730391260586,25.645171290018006,10,0
39,stroke_severity_arrival,39.0,-194.74175569013693,-182.11645926736296,-181.94580411843955,-181.50984153534284,-107.4030785132572,-169.5433878249079,31.468949312737312,<10,0
40,stroke_severity_arrival,40.0,-263.27425992451606,-229.87457568317652,-204.0715616385359,-185.41452386831634,-134.53554595609197,-206.554818218383,40.4302425660565,10,0
41,stroke_severity_arrival,41.0,-284.90632234193384,-222.3868429508619,-159.86736355978996,-122.26813291074242,-84.6689022616949,-176.48086272113957,82.5863683904539,<10,0
42,stroke_severity_arrival,42.0,-301.46478206932545,-248.50657987748738,-239.7893484863732,-223.79558771153447,-193.66540316827596,-237.56047259472817,24.550453714801154,25,0
43,age,0-60,-99.64494284746237,23.180185140083776,28.181447543269023,35.11433598435484,106.34804147862829,30.45819513034934,12.460737896460268,4115,0
44,age,60-80,-45.01461664499715,4.939516119095496,10.254187812674791,19.518671184843406,91.44508800614625,12.094706301683354,10.737742303402824,12030,0
45,age,80+,-203.48472553816623,-40.73981923138723,-21.87479821816087,-10.57190565780038,34.01173222978134,-27.511371217139615,22.666048102574337,11130,0
46,prior_disability,0.0,-13.653192690061406,12.2196105096885,13.736582600353286,15.05453999833204,58.184155826857314,13.901248655144885,3.179573128114534,14145,0
47,prior_disability,1.0,-25.664790852116422,0.2503355330345221,2.4901435840688646,4.381854248242453,28.539882796695455,1.9236638762154097,4.517749524632493,4735,0
48,prior_disability,2.0,-70.10602113546804,-17.065898453011176,-14.270968081690372,-11.685285950833931,29.793112232005225,-14.950724978718252,6.5265002907872525,2860,0
49,prior_disability,3.0,-117.88988309428561,-40.67318805682473,-36.37021465516649,-31.817548934870864,15.087367735886946,-36.281535307505784,9.021633963187277,3305,0
50,prior_disability,4.0,-115.35175021653995,-59.44556665791199,-51.685957026642285,-42.01214884023415,22.986644316362217,-50.05273717216502,13.929021112213556,1760,0
51,prior_disability,5.0,-143.54539967145772,-71.59483624277752,-56.80233954002382,-43.50388480189257,19.339843033999205,-57.95044420009346,23.784853350639466,465,0
52,any_afib_diagnosis,0.0,-12.72792672548443,1.617018440924585,2.1985934135271235,3.1056593390228224,21.7579513111338,2.443864405464413,1.5561336959270442,19985,0
53,any_afib_diagnosis,1.0,-64.10913462936878,-12.155291212331504,-7.9063454724662,-4.88020716810599,30.88242146031931,-8.7719724667473,6.355700367248436,7295,0
54,precise_onset_known,0.0,-62.06895192554221,-4.235382149904035,-2.637030079290271,-1.650462274029851,20.57433957923204,-3.1987610211637056,3.5138437492081125,11575,0
55,precise_onset_known,1.0,-14.161366845332086,1.0307623361935838,1.7994740824773907,3.059347476279363,38.61021258439869,2.2261229244467096,2.590577985684959,15705,0
56,stroke_severity_arrival,0.0,-21.391653750264087,37.284452340123245,42.160562643646266,45.65041578584351,69.02021762540099,40.57596659778991,8.234795594119944,1905,1
57,stroke_severity_arrival,1.0,2.7634133270103485,48.01159276832361,53.13330681364052,56.794542545517906,89.70306862242519,52.51488731237999,6.439497628956039,2355,1
58,stroke_severity_arrival,2.0,2.623074685144238,43.95198256675619,48.78682429495267,52.40548504521139,90.22513619828504,48.314118385436984,6.563712830766164,2875,1
59,stroke_severity_arrival,3.0,7.289800074677914,38.1903125297511,42.56272431042511,46.78410042829812,90.46206387860235,42.450239907398824,6.124795078325187,2705,1
60,stroke_severity_arrival,4.0,-7.971914612189867,34.17225461049006,37.502215873068195,39.90466112381779,54.769259444181806,36.937847842822165,4.6304691074972855,2210,1
61,stroke_severity_arrival,5.0,16.593581013502554,29.092675037668087,31.90991963805631,34.18230495338328,76.38869600165636,32.12743521627199,4.7788725900215425,1880,1
62,stroke_severity_arrival,6.0,-2.4380991260707376,24.16420528115239,26.769218905977905,29.109998890506105,72.8479989037849,26.749887716656044,5.057277620056269,1575,1
63,stroke_severity_arrival,7.0,-4.712668845998123,14.779459408079274,17.285063129449263,20.22591712953523,45.60471995963715,17.733392296114612,5.760692863280138,1290,1
64,stroke_severity_arrival,8.0,-40.445725209238006,4.625318453526124,8.642620531581342,11.215901336921378,40.306017350512555,8.203899946905429,5.908272556750541,1075,1
65,stroke_severity_arrival,9.0,-29.329214591318742,-0.5214006701717153,3.485871844533831,6.603025415278971,37.413346484988,3.0887706158081483,6.359944655843422,890,1
66,stroke_severity_arrival,10.0,-69.28970763818826,-7.59693333670497,-3.4012724910257384,-0.4188802764704451,24.37897461119108,-4.328658467368506,7.838819348313866,790,1
67,stroke_severity_arrival,11.0,-46.59463485653046,-10.885117867509834,-5.9461386249680075,-2.3188447998603805,42.53040465811267,-6.607183165105082,8.570722318114061,690,1
68,stroke_severity_arrival,12.0,-62.55775873732753,-24.338391951923256,-16.575863344254902,-10.05485031170305,19.94275443778839,-16.71318445994123,11.26307636299485,625,1
69,stroke_severity_arrival,13.0,-71.15874999745283,-35.71062569287489,-28.954551702896133,-22.576010091686623,37.83900662715081,-28.194336413868147,12.498500171604466,545,1
70,stroke_severity_arrival,14.0,-137.31194610239473,-51.49076995240408,-43.03516866480233,-31.96709487965796,26.61048120026011,-42.125622040962504,14.928123953127539,535,1
71,stroke_severity_arrival,15.0,-83.12956857673824,-57.8946689379937,-49.17359883805271,-39.76116954640951,5.778806203873828,-48.85476378055268,12.700927057185085,475,1
72,stroke_severity_arrival,16.0,-96.27792545475066,-67.77800499455071,-58.63807286591502,-48.88424370304216,36.09693995434325,-56.59366302067676,15.359570291512417,495,1
73,stroke_severity_arrival,17.0,-105.2062776749162,-72.27166405341356,-57.69599516145652,-43.72814585285145,27.17671537541319,-57.645838024788524,18.749668859944066,505,1
74,stroke_severity_arrival,18.0,-155.70092783422675,-90.51231218433124,-84.49096724997274,-72.2156567112857,-19.039127242206597,-79.83315024623892,17.676547485287383,495,1
75,stroke_severity_arrival,19.0,-134.52048433703837,-95.97708093637601,-88.09721651392057,-76.95268533729251,-6.902145663425326,-85.11174576934557,16.70283054568944,465,1
76,stroke_severity_arrival,20.0,-144.38584107053467,-104.6884253400378,-94.49052546906285,-82.7360977926664,-28.39275012854487,-93.00177022862529,15.815130473929901,380,1
77,stroke_severity_arrival,21.0,-164.75435303922742,-121.04678182210307,-110.34083909956739,-96.12623627231923,-12.329171897806226,-107.77545931960212,20.34903996983411,425,1
78,stroke_severity_arrival,22.0,-146.56952037835492,-127.60525487104431,-117.83019638951168,-103.2670876851771,-15.710307622593827,-113.57389035437284,19.446228510280346,360,1
79,stroke_severity_arrival,23.0,-181.3431855257647,-133.64565257808192,-122.44925608054734,-110.47760580447037,-65.40094313285313,-120.11309529567957,19.239021933642768,305,1
80,stroke_severity_arrival,24.0,-163.95838095260785,-138.09349078063622,-125.01452388985548,-109.19020676843822,-16.03581545178313,-121.21123855024071,24.12875913802594,315,1
81,stroke_severity_arrival,25.0,-178.12809284149205,-148.99518952956424,-136.4168626309396,-124.75989143045038,-62.8440699637495,-134.55302229210398,21.702441964868477,290,1
82,stroke_severity_arrival,26.0,-178.66299995820503,-146.25463152863318,-135.00007097723662,-117.05962116071488,-65.15575233589858,-130.73940834297346,22.684828165307557,220,1
83,stroke_severity_arrival,27.0,-182.365375270932,-156.42269391742536,-148.04386087807828,-134.16776144772652,-66.73066444646102,-143.70719167609363,21.957872899950697,170,1
84,stroke_severity_arrival,28.0,-194.39447105073836,-155.63392686314415,-144.38155180373695,-134.7483912867692,-72.8904976718314,-143.74568219927633,22.112126478969277,120,1
85,stroke_severity_arrival,29.0,-206.72839783288072,-167.6740669937618,-156.6628584994655,-145.02553695506884,-92.59586186178029,-156.99025514169716,19.700890126918992,80,1
86,stroke_severity_arrival,30.0,-245.2821585488075,-173.59131947629152,-162.5509320203273,-151.41182499167832,-119.3342537635751,-163.6354093366525,19.519459160638473,60,1
87,stroke_severity_arrival,31.0,-194.31603056113235,-168.01836049445905,-158.7706183411088,-145.99050971268213,-99.3736940473225,-155.43723021810442,19.805381688118956,50,1
88,stroke_severity_arrival,32.0,-246.2103661953751,-186.2728883395609,-156.33336400349623,-149.70455334155588,-121.3064234585967,-167.52932931530518,27.87785429626321,35,1
89,stroke_severity_arrival,33.0,-213.0530918547511,-177.41646527586505,-173.09035660623573,-152.6139679574035,-61.78207635761239,-165.14399752607375,29.83019541767209,20,1
90,stroke_severity_arrival,34.0,-227.0097604559362,-204.72369947796687,-196.44173599996836,-178.79256227997132,-80.07212737183086,-186.8925416340562,33.24816806601261,15,1
91,stroke_severity_arrival,35.0,-178.022999062296,-153.68467235128395,-137.53163652600722,-124.68685726932192,-107.22333586202004,-139.78253519572064,21.567463747560712,10,1
92,stroke_severity_arrival,36.0,-230.78801019509322,-198.95668117592402,-173.49630211888814,-166.92840413746424,-113.11743734885007,-179.77855315892077,29.346725616470714,10,1
93,stroke_severity_arrival,37.0,-288.71429641176945,-227.38303008794784,-213.42179633543827,-178.67451185158455,-161.20282959949574,-211.95911981022562,40.94467554887197,10,1
94,stroke_severity_arrival,38.0,-226.45971526189706,-225.12309327143242,-209.38009037401525,-191.70001246845584,-184.55216545356438,-207.44301536587298,18.446917800913145,<10,1
95,stroke_severity_arrival,39.0,-202.84275790140032,-193.60060136664657,-184.35844483189285,-183.0437822700152,-181.72911970813757,-189.64344081381023,9.394850232464702,<10,1
96,stroke_severity_arrival,40.0,-229.97554956440814,-215.43629528752643,-200.89704101064476,-195.0252574764064,-189.15347394216806,-206.67535483907363,17.159101521774218,<10,1
97,stroke_severity_arrival,41.0,-155.9085801854916,-155.9085801854916,-155.9085801854916,-155.9085801854916,-155.9085801854916,-155.9085801854916,0.0,<10,1
98,stroke_severity_arrival,42.0,-260.02281331268136,-244.4779656865541,-206.81717816776597,-168.82263609478832,-143.94613015913404,-205.84972964661682,41.36182733868439,10,1
99,age,0-60,-49.09362731682137,23.891028663833858,28.75686631388031,34.71855838623247,134.89981672801076,30.381588536793792,11.405309830457531,4245,1
100,age,60-80,-57.068227008711546,3.4266288917511702,9.070169421192258,17.0370462999586,90.54222697081045,10.334004766005291,10.783105755571178,11875,1
101,age,80+,-173.98572026080453,-43.88480309132486,-25.3474298005132,-13.885005967123433,37.607399641796945,-30.76210661596462,23.39046666603912,11160,1
102,prior_disability,0.0,-8.033655288442969,13.036489981075283,14.52783785331063,16.055627242964693,52.05920757146552,14.779168170266626,3.3399536565714465,14255,1
103,prior_disability,1.0,-63.88360930223018,0.00039273440837860106,2.7084082212578506,5.0854417228885,41.269639440728355,2.188661639908031,5.014759868131952,4660,1
104,prior_disability,2.0,-61.22227602127939,-16.227486401181668,-12.357974812281318,-9.42522789593786,28.670449530631302,-13.141411688708962,6.71320713320465,2840,1
105,prior_disability,3.0,-106.00205210261979,-37.44838779170881,-33.454595152568075,-29.595227245200658,22.53378776608035,-33.48348844148796,8.547042999499736,3270,1
106,prior_disability,4.0,-111.9032425606437,-51.83322587221395,-44.578615480717275,-37.638687445496906,29.584381699562073,-44.148301461210686,12.897312415641794,1760,1
107,prior_disability,5.0,-132.10202356389723,-74.87829022084131,-59.35375158290379,-48.413964560129685,10.62150225667283,-61.57465959527704,21.45467996495451,485,1
108,any_afib_diagnosis,0.0,-12.721482126228512,1.2884310668520629,1.9470970999635755,2.948710978268646,24.576227448284627,2.198789567645473,1.634938389349153,19945,1
109,any_afib_diagnosis,1.0,-49.64202772995457,-11.11866917848587,-7.100504943523556,-3.9288126178365204,32.49393770713359,-7.740582582590259,6.141993401749088,7335,1
110,precise_onset_known,0.0,-46.17316788853612,-4.588827098859474,-2.9341375639848413,-2.0214381921850144,26.49914885006845,-3.4697025459418502,3.2668532902068814,11595,1
111,precise_onset_known,1.0,-16.09718051964417,1.6641393870487808,2.3990269664675,3.6208403278142214,36.497003213129936,2.8523461288825573,2.638123181708273,15685,1
112,stroke_severity_arrival,0.0,-15.98491468628752,35.44528198870132,39.98513995627058,42.12379677451012,77.74564384385012,38.541280446298074,7.394282907868677,1810,2
113,stroke_severity_arrival,1.0,-2.9017832103173715,46.79593815168599,51.77504426809959,55.94025167048094,86.94913942390238,51.416675954968724,6.916875726862427,2280,2
114,stroke_severity_arrival,2.0,1.4521628764655907,42.438491174951196,45.85893468394875,49.323495256854805,77.39632957388763,45.75065359637732,5.275153554561552,2980,2
115,stroke_severity_arrival,3.0,-11.702365098701557,35.66555958105251,39.311764769387665,41.754343103021384,64.82246832425706,38.399241889122685,5.17705027225754,2610,2
116,stroke_severity_arrival,4.0,-3.383970382807311,30.863197490695164,35.0800918001798,37.22899084070698,60.28475860091974,34.25341402741185,4.948021227073247,2215,2
117,stroke_severity_arrival,5.0,2.5870588717982175,26.51311103505199,29.2090568939416,30.883792617500294,64.07682467610692,29.04173595745165,4.322100690026842,1870,2
118,stroke_severity_arrival,6.0,-9.008468464965699,21.47865271533839,24.094466936385725,26.455986867696048,54.28806534115341,23.851767960873662,4.532716423216845,1585,2
119,stroke_severity_arrival,7.0,-18.979866030503764,9.801973147435348,12.182658561936114,15.103128737510415,35.38010721471161,12.071460673032153,5.337940466880292,1300,2
120,stroke_severity_arrival,8.0,-29.758714280957356,2.6765997346313086,6.107532219487475,9.001504474787508,55.925595065365776,5.946408558270562,6.2647527374919925,1090,2
121,stroke_severity_arrival,9.0,-22.219810474924742,-3.86445749780396,0.1282821990561206,3.7221233399503397,50.618093571942296,0.06191533804846588,6.7227428917085,935,2
122,stroke_severity_arrival,10.0,-41.82236041177879,-11.451172000708757,-7.350257503514877,-3.797351649281627,37.570119987932266,-7.339684890188033,8.65898905054371,815,2
123,stroke_severity_arrival,11.0,-43.29155667457613,-18.41607278035488,-13.013563047804636,-8.673600395288085,45.276343054203316,-13.110868150910024,9.540826924240326,660,2
124,stroke_severity_arrival,12.0,-102.43945672047208,-32.113618133469714,-23.209425757237476,-17.12443772145314,32.12699571870267,-24.759671806404693,13.344053197747499,645,2
125,stroke_severity_arrival,13.0,-125.9420333954133,-44.00643100200221,-37.27943381316029,-30.203859502652193,10.658141089575365,-36.543946035362296,12.39551596293186,575,2
126,stroke_severity_arrival,14.0,-102.13423805321334,-62.062813392207026,-54.714558320509965,-46.55671088872477,-7.337208621129394,-53.29194229487409,13.237690170512062,535,2
127,stroke_severity_arrival,15.0,-107.56912856995827,-62.63925854122266,-53.45158341016504,-45.684040767283875,0.9394688757602125,-53.41424003670785,13.582231557455362,495,2
128,stroke_severity_arrival,16.0,-127.94511371402885,-75.96807572102989,-66.4498233812186,-55.76963157257997,-3.3142212803475557,-64.39507942952756,16.83287606656412,485,2
129,stroke_severity_arrival,17.0,-116.87196884899284,-79.2585117341968,-68.16857223027387,-57.28111397443805,12.471124449558555,-67.11970264995423,16.48843447642396,535,2
130,stroke_severity_arrival,18.0,-151.25449725947226,-98.29047072428511,-91.06949781272968,-77.9189648035611,-30.527034749946324,-87.55335151564759,17.444368062211986,520,2
131,stroke_severity_arrival,19.0,-162.4656013795163,-104.54680599639076,-95.05551246326417,-82.83193043002859,-33.02744381054188,-93.21001292568502,19.421661856702524,495,2
132,stroke_severity_arrival,20.0,-172.33036975828816,-110.98389180113533,-101.04594340074226,-88.15398231644679,-38.928813288109374,-99.3633429250197,18.519802130415744,425,2
133,stroke_severity_arrival,21.0,-177.13972499335185,-118.0641812603356,-109.58843440948868,-96.67668546047877,-44.85566493844613,-105.88484906796238,20.02009262727706,350,2
134,stroke_severity_arrival,22.0,-171.71359387477744,-133.33424299801612,-124.98245562274417,-107.71840221566497,-50.8166641783691,-119.52103371882768,19.74301820501844,370,2
135,stroke_severity_arrival,23.0,-160.6638261804823,-135.84839161794633,-124.56797555205179,-109.11405834181234,-47.24709582878277,-120.13251427835809,21.08748566805597,335,2
136,stroke_severity_arrival,24.0,-183.68572220686823,-144.19692010836152,-134.80151390468703,-115.84437676503788,-48.659888220352585,-128.95356323985544,23.306006551969876,300,2
137,stroke_severity_arrival,25.0,-179.47340730855242,-149.9401830538642,-138.82085992760958,-118.10035388650839,-48.79817918334156,-133.1406727460875,24.824530706391656,255,2
138,stroke_severity_arrival,26.0,-216.95532458329572,-160.1162386620883,-148.33394062805922,-127.48549370676744,-61.498131539123136,-142.4569730312499,24.254300717289873,200,2
139,stroke_severity_arrival,27.0,-182.72350782161578,-166.11728965564632,-154.46260767707133,-139.7564028849418,-84.45234911859035,-150.75275321030563,20.41369256965549,155,2
140,stroke_severity_arrival,28.0,-225.27781990229735,-166.48108549702272,-155.27617690945044,-146.98504500803188,-86.17624156261911,-153.20055379324796,22.81657954768742,120,2
141,stroke_severity_arrival,29.0,-190.04906639482826,-163.42099153308197,-149.61172605944915,-135.93122671582475,-86.34477692599408,-148.6806701651215,21.251543771835586,85,2
142,stroke_severity_arrival,30.0,-213.91888873611578,-177.79931103037788,-164.29833691431793,-148.50928334280383,-90.55901543898509,-161.92561912123543,23.576766018875023,65,2
143,stroke_severity_arrival,31.0,-209.6375385716709,-178.12877419034456,-170.01628992412066,-156.306851909775,-83.60140150158317,-167.5500766379108,20.48927350686272,40,2
144,stroke_severity_arrival,32.0,-237.18599874063395,-200.31520410076365,-169.98948832130992,-148.5160450882744,-63.87958916962729,-169.68254382728264,40.23919618317352,30,2
145,stroke_severity_arrival,33.0,-235.80003843759187,-187.98299569101073,-179.90885785783178,-158.13923368120567,-78.64680827204255,-172.0969584101097,32.31711521385278,20,2
146,stroke_severity_arrival,34.0,-263.0640314820467,-203.2199958973576,-198.52484478844912,-190.36820854068733,-169.66029959905893,-200.47156038864617,18.742924400975316,25,2
147,stroke_severity_arrival,35.0,-207.5707869944873,-177.88955451447168,-167.20421298666508,-130.03528583570383,-97.01600082589896,-157.43880127479187,31.078954525474487,15,2
148,stroke_severity_arrival,36.0,-252.32638248118224,-202.42057627210073,-198.43147148421733,-191.58141143137706,-152.9140380392608,-198.7709254511357,25.99209919195306,10,2
149,stroke_severity_arrival,37.0,-254.20255899269716,-225.15645632974133,-205.6023607907165,-189.52589685185694,-168.73170088086394,-209.38643593399598,28.591150083044944,10,2
150,stroke_severity_arrival,38.0,-226.47967443591565,-213.88337998025702,-205.0534606884839,-191.59910584578583,-168.88615993728862,-201.6263238162534,17.87863556573852,<10,2
151,stroke_severity_arrival,39.0,-246.30929825630156,-241.72033277665383,-237.13136729700608,-231.750405953055,-226.36944460910397,-236.60337005413717,8.14896830624477,<10,2
152,stroke_severity_arrival,40.0,-257.25445323580993,-223.94049852844793,-197.33575591371687,-189.48145464015658,-171.34073906961828,-206.2499457867499,25.829095426157597,10,2
153,stroke_severity_arrival,41.0,-184.21246727902093,-184.21246727902093,-184.21246727902093,-184.21246727902093,-184.21246727902093,-184.21246727902093,0.0,<10,2
154,stroke_severity_arrival,42.0,-248.03944325933233,-225.2177034640967,-214.5501400828763,-189.3718308359268,-114.53722067318508,-205.695676920059,32.22241739392576,15,2
155,age,0-60,-63.422298067212104,28.604642712576315,33.20226342895068,39.762665356583895,123.02071915172972,35.39205642006355,11.646740070429972,4215,2
156,age,60-80,-50.9683012144547,7.154406951548299,13.047710770042613,21.177787939412518,96.46472932942677,14.722349050873374,11.26393490404497,11830,2
157,age,80+,-169.9155061496701,-35.41757126355544,-18.751942090550436,-8.550095965885557,35.01037371389568,-24.098705525915364,21.628761992496216,11230,2
158,prior_disability,0.0,-10.708272332902999,11.932378650340253,13.461714946851135,14.98712951321155,60.36778976585716,13.723140735439227,3.5476799749455776,14215,2
159,prior_disability,1.0,-33.979388718605044,0.9173045328306034,3.3073964342474937,5.448954589506611,34.937121564969424,2.908683248987956,4.674588350022233,4725,2
160,prior_disability,2.0,-48.62129617266357,-14.94957152039744,-12.329239970203488,-9.446306525226682,22.81692711610347,-12.3829020857357,5.807486597179683,2800,2
161,prior_disability,3.0,-122.41507659168914,-39.209179471554236,-35.4187426754646,-31.512669573873282,12.263118495922535,-35.172643985673645,7.912134318243642,3230,2
162,prior_disability,4.0,-103.72851964289322,-56.66443385871127,-49.38571163391694,-40.984745859024116,24.794750871025027,-48.356186874387674,13.193328500958454,1810,2
163,prior_disability,5.0,-130.08462189510465,-70.7342859529145,-54.90767230680213,-42.54782820981927,14.145357915274799,-56.912575339227764,21.050774263661797,485,2
164,any_afib_diagnosis,0.0,-12.843528206963093,1.7161038885172457,2.2891902796272188,3.222404619087465,23.631694782096893,2.518495232409182,1.6405877526061172,19940,2
165,any_afib_diagnosis,1.0,-53.23068192680366,-11.110730956234038,-7.218345858957619,-4.601464276127517,30.05156436643563,-7.827554962893469,5.791111263985819,7340,2
166,precise_onset_known,0.0,-42.77995966764982,-5.173784896810539,-3.5046556015778334,-2.3142240863991903,29.799442098897416,-3.8543629563739183,3.463979257879909,11560,2
167,precise_onset_known,1.0,-21.59965607856866,1.7503699878463521,2.366380870738067,3.0948941786261273,30.733142396495676,2.5328715545097378,1.907851417362358,15720,2
168,stroke_severity_arrival,0.0,-67.9058643711172,33.34191298535094,36.89672038808465,39.134420108292254,91.51935089701787,35.472149324224574,7.420733432211624,1800,3
169,stroke_severity_arrival,1.0,22.891323673445733,46.648887274377046,50.00549716047943,53.50539937466383,71.1446257554926,49.63571563140711,5.739170238111463,2280,3
170,stroke_severity_arrival,2.0,-45.16408290955704,41.972197831962255,45.549340620767325,48.74863357946276,78.10355785712599,44.84206457596119,6.419728119151808,2880,3
171,stroke_severity_arrival,3.0,-10.629285053703933,36.6272865353711,39.3434349950403,41.43203112128191,67.91597872780636,38.66355251178782,4.942784785945189,2550,3
172,stroke_severity_arrival,4.0,8.50074841722846,30.178674096595493,33.00505787283182,35.63657639036886,60.53271870758385,32.767538063161375,4.304458749497994,2230,3
173,stroke_severity_arrival,5.0,5.893181762844324,26.43127473605797,29.576062063481658,31.618379916376433,64.8128448858671,29.601527857796132,5.024939827091485,1890,3
174,stroke_severity_arrival,6.0,-28.478364971969278,19.954092237753795,22.892026718631385,25.73764634460211,63.56657301887404,22.89945288827395,4.924181997846045,1665,3
175,stroke_severity_arrival,7.0,-17.112397419922054,9.589041946455836,12.322313198428601,14.481961083188652,47.67797112351283,12.328243444805059,5.206334490516248,1255,3
176,stroke_severity_arrival,8.0,-28.66698714820668,3.4529722848860547,6.210562306186184,8.960666570197791,34.65361515641212,6.148151242401123,5.506400094617116,1100,3
177,stroke_severity_arrival,9.0,-42.739970239456746,-4.974685133527965,-1.3971845079027116,1.5620092097716407,29.79224319437519,-1.6430136623475609,6.949445917251072,920,3
178,stroke_severity_arrival,10.0,-50.795731682926416,-11.74242180833593,-6.949139620335773,-2.640370743786916,38.36306944857351,-7.291411050002937,9.335092931390115,800,3
179,stroke_severity_arrival,11.0,-51.16400863228366,-19.192033432412426,-12.713889845758677,-8.136620198609307,43.89968224379234,-13.51805517842357,10.755349781136205,770,3
180,stroke_severity_arrival,12.0,-64.74642642907799,-28.99301929051988,-20.319731477834285,-12.976630372321234,42.90680662902072,-20.25265089516569,13.884784482209293,610,3
181,stroke_severity_arrival,13.0,-73.81752426158637,-45.05616098150611,-36.65262099143118,-28.293963571731002,16.993063747100532,-35.891927916022105,13.419832746488519,580,3
182,stroke_severity_arrival,14.0,-90.80026108961552,-60.268596236044544,-51.67832678302191,-41.93368561736308,9.273606329280883,-50.34908123265251,14.534122073701868,525,3
183,stroke_severity_arrival,15.0,-102.7869852741994,-62.68797319917008,-50.732413624078035,-43.01706969509833,21.387356280647218,-51.289506619119166,16.801924261565627,530,3
184,stroke_severity_arrival,16.0,-106.4126023043599,-77.33764814680443,-66.74036648802459,-59.249951134473086,12.975405623107218,-65.21880258974123,17.125675947713372,515,3
185,stroke_severity_arrival,17.0,-111.74655604104511,-78.23173885713331,-67.6725226015225,-57.727614821624016,-4.7864480697736145,-67.26685789535655,17.083557419028747,490,3
186,stroke_severity_arrival,18.0,-139.73457794014365,-93.20368403503205,-84.35460895329715,-75.14062881306978,-30.611216818131506,-82.59222587260604,16.228513962839855,510,3
187,stroke_severity_arrival,19.0,-156.32645736727864,-99.41201438412303,-92.26701144060121,-81.84153177149594,1.2067939535714687,-89.40942492228405,19.07425203288359,470,3
188,stroke_severity_arrival,20.0,-154.75063073963392,-110.53628380723298,-100.30605893263593,-88.77176138587296,-22.7919614148885,-98.45444395063696,18.78056401538503,435,3
189,stroke_severity_arrival,21.0,-163.12770085713825,-125.75152073856444,-114.56095460265875,-100.32582157038152,-20.077332849539815,-111.193342751595,20.96580771751015,435,3
190,stroke_severity_arrival,22.0,-168.9099893781636,-140.5149592893431,-129.10836233954876,-114.91230220291763,-50.30357341391966,-125.67597826977637,20.46284431833619,360,3
191,stroke_severity_arrival,23.0,-183.51586407243275,-140.60130258891266,-131.45220234761015,-117.15174301561899,-38.914719506753606,-126.94606704857229,22.122587417733044,305,3
192,stroke_severity_arrival,24.0,-174.50061666429974,-145.12486853678712,-133.21639043022878,-113.84049126177328,-56.30165408553555,-128.50687441348686,23.71032931244561,300,3
193,stroke_severity_arrival,25.0,-179.71451857300474,-155.85439489085695,-141.6522402552515,-122.63799635118572,-23.397325053671373,-136.47961212648173,26.392955265814887,255,3
194,stroke_severity_arrival,26.0,-180.66875340441243,-154.03386192348086,-141.9901157116145,-121.5708601704007,-61.909270763210955,-136.80381784919624,24.2841574179543,195,3
195,stroke_severity_arrival,27.0,-204.06842985606752,-172.604216910908,-160.477563632424,-149.3836214504775,-89.58308857008815,-158.80687311120286,20.60595775799512,200,3
196,stroke_severity_arrival,28.0,-186.1650331019517,-159.1590626945719,-147.97603103928267,-136.60794819691216,-71.27929414481856,-145.5462192667194,22.56847585791237,115,3
197,stroke_severity_arrival,29.0,-210.1063588971179,-168.5280484684417,-157.1055807831604,-143.86726891843603,-99.34267507487908,-156.41334206978422,21.196599070461982,80,3
198,stroke_severity_arrival,30.0,-205.2165935970936,-179.2491849725996,-168.02166549102404,-144.80982273452915,-53.59485946107656,-160.5950026751306,27.197333777660727,60,3
199,stroke_severity_arrival,31.0,-205.0645495562721,-178.96847186015918,-165.82085371840745,-151.17382635949178,-124.38257032033056,-165.84856958822482,18.391832590256314,40,3
200,stroke_severity_arrival,32.0,-209.68801598764955,-175.75442742161454,-167.81582385861782,-157.65615163188428,-81.12578490749468,-165.61069638398223,24.925383474328722,35,3
201,stroke_severity_arrival,33.0,-227.23029220496304,-220.43343403560925,-183.7004630955425,-171.33915908012074,-138.53085463078227,-189.5352586399584,27.80153034927613,15,3
202,stroke_severity_arrival,34.0,-220.19640781372786,-194.19616875988314,-179.87806262616766,-171.31406848849147,-122.442633465603,-179.22155483278524,23.425104183859442,10,3
203,stroke_severity_arrival,35.0,-188.3197822523676,-161.92322283078917,-150.94781941130756,-118.57915241570677,-80.59645475480706,-140.9895210044031,35.94492788478418,10,3
204,stroke_severity_arrival,36.0,-217.649488146659,-184.20788381372114,-171.5510190818552,-138.7914056528674,-113.0315915412223,-165.16854900273296,31.484998447672545,15,3
205,stroke_severity_arrival,37.0,-259.85733067941385,-252.9326906047575,-248.05059196647255,-225.05023285157978,-179.7993902164325,-233.13804726373124,29.115484122136873,<10,3
206,stroke_severity_arrival,38.0,-246.1118711195886,-208.18598517550853,-181.11956550163916,-166.5057475777669,-136.4513533802936,-187.98207389760415,33.306153391549124,10,3
207,stroke_severity_arrival,39.0,-200.39211068430916,-183.51974470632152,-168.91791183079127,-151.57694688236342,-136.71398968184366,-168.2241407571258,22.535455586255672,<10,3
208,stroke_severity_arrival,40.0,-275.0156782438932,-234.74610671718605,-224.52945109171793,-220.56249445242807,-204.90625886226073,-228.95185131135213,17.866961583324763,15,3
209,stroke_severity_arrival,41.0,-229.53632957866415,-205.9609531870717,-182.3855767954793,-150.27514390135184,-118.1647110072244,-176.69553912712263,45.644946798129105,<10,3
210,stroke_severity_arrival,42.0,-230.9800385324657,-190.8752181308251,-165.12153944898398,-152.14592392014805,-130.05717197778634,-174.59544709559097,32.026357153886075,15,3
211,age,0-60,-53.16822403084487,25.603615097613073,30.5809857801022,37.01484066181351,141.94663073591423,32.580399858926164,12.145540976530986,4305,3
212,age,60-80,-59.654167254790664,6.371956062002573,12.269544559586793,19.98668060913682,94.39646545947063,13.083866992275048,10.544501934286306,11715,3
213,age,80+,-131.87300675335806,-36.827099502328785,-22.175663552540353,-9.978543309764937,58.56578365333844,-25.34752992810348,20.786178769579532,11260,3
214,prior_disability,0.0,-6.349570044968277,14.861049740947783,16.37937075132504,17.813359461724758,54.09478858385235,16.49572725776258,3.3483718210292097,14320,3
215,prior_disability,1.0,-26.892009365167468,2.6427905923500656,4.924339370881207,7.100398949682712,31.232137963641435,4.277950350045332,5.0260366308138,4620,3
216,prior_disability,2.0,-86.65979350347072,-13.017958216844127,-9.90117115439847,-6.862326520113275,24.910834047570823,-10.416189053455065,6.5726454867873,2765,3
217,prior_disability,3.0,-95.80129903068766,-34.39256626880844,-30.893510167326312,-27.48488919417956,11.168963411846198,-30.871136344469736,7.7767715829132635,3280,3
218,prior_disability,4.0,-117.6497649563849,-55.032129220343194,-48.465531253027734,-40.66576729998458,6.444828298762441,-47.28084958049237,11.836781382338547,1800,3
219,prior_disability,5.0,-146.09886045387015,-68.78135877986904,-56.086344151166266,-45.36948625280638,-0.3382928910059854,-56.90070654333346,18.920889721647505,490,3
220,any_afib_diagnosis,0.0,-21.811305559016763,2.601983890659176,3.4766944311745465,4.69812883105129,39.92241247199476,3.7121016587717177,2.1461610692095703,20020,3
221,any_afib_diagnosis,1.0,-50.89171366623603,-10.572765598744153,-7.153689555600286,-4.609953618329018,48.06459820497781,-7.58852249479205,5.091465278079366,7260,3
222,precise_onset_known,0.0,-45.1555175375659,-4.201529564238154,-2.711907652271911,-1.7707211719360203,31.969119851691648,-3.0981283371317714,2.941052487716677,11630,3
223,precise_onset_known,1.0,-30.2486735884659,2.2016010162327437,2.995720425620675,4.114666608422994,29.078865484911947,3.3021723688727254,2.3297393313234993,15650,3
224,stroke_severity_arrival,0.0,-63.64531439709477,33.74228661392815,38.06583593239076,41.46801278660074,70.51012400072068,36.691734324481516,8.855889953576318,1835,4
225,stroke_severity_arrival,1.0,13.71093796689529,49.444262806209736,54.12222941865446,57.765938940173946,76.60043988918653,53.27498807594731,6.709041663701007,2205,4
226,stroke_severity_arrival,2.0,5.191891898249741,46.119707631990316,50.567152954777704,54.07025469298475,93.26295712640044,50.00538572946521,6.549607894432551,2925,4
227,stroke_severity_arrival,3.0,-6.6627280658110974,38.491350227221844,41.409219046866056,44.442388027466365,73.641733295694,41.212606988550974,5.672702801656048,2675,4
228,stroke_severity_arrival,4.0,3.6905085835698994,33.20876111046411,37.17771004753653,39.01406203313731,67.29064589594257,36.037807745265525,5.116605345717631,2175,4
229,stroke_severity_arrival,5.0,5.468274736022576,30.256704464340583,33.00809601039626,35.241373873492705,53.208437548596415,32.80779485405626,4.143151945147073,1915,4
230,stroke_severity_arrival,6.0,0.9097328410949558,24.865520451953635,27.97344296301715,30.941785339498892,54.57881705450826,27.93238684595254,4.90833349643469,1680,4
231,stroke_severity_arrival,7.0,-24.792033337475733,12.393355383197777,15.104872066946701,18.100640614926814,50.41407818656415,14.975546552322992,6.217854149510385,1280,4
232,stroke_severity_arrival,8.0,-13.28038660406135,7.092027427554131,9.818554818620905,12.68757667732425,43.11031671795994,9.851387239328195,5.342566352794417,1090,4
233,stroke_severity_arrival,9.0,-22.194100171765314,3.4831141284992917,6.486933095008135,9.87166632413864,42.97418662143871,6.940955623226743,6.808555571368622,895,4
234,stroke_severity_arrival,10.0,-59.798851725617425,-4.891396748446859,-1.5059289231011643,1.7853053222037851,30.275932934386656,-2.095107529925919,8.297764974025997,820,4
235,stroke_severity_arrival,11.0,-40.69852774374187,-11.492614828785882,-6.3006382555165334,-2.195213722118642,59.100206255670635,-6.442275791265646,9.695103343991684,735,4
236,stroke_severity_arrival,12.0,-79.78312772725708,-23.577682277914136,-17.732748921280727,-11.645005229134112,17.524548427797853,-18.290884631986692,11.504234460877338,600,4
237,stroke_severity_arrival,13.0,-67.86708106802776,-37.74932589254342,-28.4886064993497,-21.191428187241545,27.584264994831756,-29.061634034647902,12.327714471159428,515,4
238,stroke_severity_arrival,14.0,-93.62634888041765,-50.903989176778126,-43.09452207012102,-35.022964360259934,2.3468569025583563,-42.562652545827476,12.68896599226587,500,4
239,stroke_severity_arrival,15.0,-116.12059508366511,-58.4401559346728,-49.003747186516414,-39.42940075691324,-11.333354718927295,-48.87704489890577,13.50912885525637,490,4
240,stroke_severity_arrival,16.0,-98.41568901469931,-65.02270436505788,-55.40991333323531,-46.80821028179489,-4.834149542618543,-54.948144161641316,13.366640465884863,455,4
241,stroke_severity_arrival,17.0,-99.14368175862357,-73.37053830711172,-59.558132179211825,-49.09723696780857,42.68494813144207,-59.972658917248644,16.958164420490107,505,4
242,stroke_severity_arrival,18.0,-125.16553137069567,-89.10711485875771,-80.54953147767111,-69.16586771465838,-28.24638031706214,-78.30844064798403,14.901842731232197,485,4
243,stroke_severity_arrival,19.0,-125.19298300256952,-95.7772476597689,-87.22446814995259,-75.16391012294218,-7.804463543985039,-84.79539003598632,16.651592359523868,495,4
244,stroke_severity_arrival,20.0,-127.3040426922217,-103.0286867296137,-93.56865359066055,-81.80260376620106,-37.5384570592735,-92.3486798371141,15.795557132071906,430,4
245,stroke_severity_arrival,21.0,-153.6602638919279,-121.34211263929492,-111.90526137928478,-102.25199313011487,-32.71412211631425,-108.77833957368452,18.336200832891137,405,4
246,stroke_severity_arrival,22.0,-158.2993339770101,-128.79627703987063,-119.78524529468035,-109.24617547873174,-22.675108321029693,-115.96695533548768,18.45368828815031,405,4
247,stroke_severity_arrival,23.0,-196.41213871259242,-135.61089866548775,-126.17113312252798,-113.13447454303038,-54.66914765761234,-122.79490790583829,19.5589321563372,335,4
248,stroke_severity_arrival,24.0,-170.71346379468218,-141.35022980276494,-128.2617892699968,-115.41713222385384,-19.734104245286435,-125.6874162212535,22.027783350465867,300,4
249,stroke_severity_arrival,25.0,-166.53824397734832,-141.65413246886806,-131.93818772448228,-109.04469065740705,-59.32032608301379,-125.43085139392967,22.10164457779629,275,4
250,stroke_severity_arrival,26.0,-195.43825091115198,-151.71410391949115,-140.49947100754827,-124.77823028575163,-56.61750100326724,-136.93157602185605,22.043571933966433,225,4
251,stroke_severity_arrival,27.0,-189.4523420932237,-165.37874535941984,-154.7439182297117,-141.07557489444736,-87.1373078897316,-152.3878776784033,19.37690904646195,155,4
252,stroke_severity_arrival,28.0,-195.2258163835993,-167.01863164666108,-157.49251039279625,-141.38368268290068,-95.86428595105185,-152.62867698621673,19.25227580966312,130,4
253,stroke_severity_arrival,29.0,-206.75100087244064,-171.5514018481481,-156.32128953387496,-142.3631264965469,-84.86827627083287,-156.31756132397908,23.527588672574215,85,4
254,stroke_severity_arrival,30.0,-243.44922649600542,-181.5590200937446,-164.00310375737027,-152.76254804881756,-108.81813619950786,-165.60919356914866,21.53934746081114,70,4
255,stroke_severity_arrival,31.0,-202.05911095624325,-175.89255488782655,-163.22695590363816,-145.361168004144,-72.95661551924422,-157.9950984571748,27.121154277893925,30,4
256,stroke_severity_arrival,32.0,-243.26264842759818,-217.61711643249262,-190.13294690088836,-171.81188283112598,-124.94142284008674,-191.7032373528427,29.134156764397556,35,4
257,stroke_severity_arrival,33.0,-231.1800302927941,-194.797411414166,-181.39949762729694,-157.68574475945906,-121.69838562761433,-176.11053390594728,29.12552303538618,30,4
258,stroke_severity_arrival,34.0,-231.1293288306985,-213.53875721122836,-197.30865108731436,-175.00466800831026,-158.8464750930248,-196.35759533951875,20.479427430837035,15,4
259,stroke_severity_arrival,35.0,-183.36398835305124,-169.2963464664831,-161.42604766158388,-152.5435838189069,-122.39714254445862,-158.3236827387704,16.63564742213651,15,4
260,stroke_severity_arrival,36.0,-212.9309708691761,-198.45286092133728,-186.53294476568698,-171.13049510910176,-153.5552661750745,-185.3374827191094,17.377034388947013,10,4
261,stroke_severity_arrival,37.0,-236.35860379667952,-217.85859169338596,-201.62216465578413,-191.16908270570218,-161.87979240039363,-202.59161442036665,23.258975271959223,10,4
262,stroke_severity_arrival,38.0,-181.74984704380856,-163.3312179917749,-157.71058153863066,-152.5671403632872,-105.03222337862476,-152.0782020632252,25.504210448277302,<10,4
263,stroke_severity_arrival,39.0,-197.40929399279878,-168.80831214660896,-161.72839207841548,-149.90154121947475,-85.53707097510807,-155.42240520528344,30.19794428862297,10,4
264,stroke_severity_arrival,40.0,-257.31836334533057,-232.92680858237202,-226.94179598760792,-197.66125153248197,-185.03467776991428,-219.9765794435413,25.80520045870371,<10,4
265,stroke_severity_arrival,41.0,-151.34281625913457,-146.53721532173688,-141.7316143843392,-136.9260134469415,-132.12041250954383,-141.7316143843392,9.61120187479537,<10,4
266,stroke_severity_arrival,42.0,-263.4058220671024,-227.10621364466613,-214.00544340577443,-197.89810545532032,-184.26628563827836,-216.12063429656652,23.953055663532385,10,4
267,age,0-60,-65.60641082327813,25.663410288869635,30.12927855066955,36.67553902927088,130.60504103574903,32.386414713908195,11.772980979436023,4115,4
268,age,60-80,-46.196184460949155,6.2757964576361704,12.43100389780011,20.285369134065697,103.38924200738781,13.22231948623618,10.979051648537215,11795,4
269,age,80+,-180.58443464983603,-38.8037265345396,-21.21549043511506,-10.550634332033805,64.78824484375073,-26.534800661943525,21.889444903179072,11365,4
270,prior_disability,0.0,-13.19726259989431,14.47574126488762,15.957728902350645,17.600162412149366,68.33980065814917,16.347332819621712,3.8979380355416633,14250,4
271,prior_disability,1.0,-30.12195693358779,1.6266171810240484,3.6577801260445266,5.748369175139815,32.025343931186946,3.314212187286996,4.326772184973971,4595,4
272,prior_disability,2.0,-57.37720521667041,-13.17500130956527,-10.594854380635079,-7.876180399514269,33.762460336228834,-10.98019527965099,6.208169202727251,2780,4
273,prior_disability,3.0,-90.79515352436808,-37.49936813932843,-33.601894877720625,-29.598399679707363,5.924534424389712,-33.431223002749235,7.821540076850803,3400,4
274,prior_disability,4.0,-110.21805804323871,-52.3037710835808,-44.78312448409153,-37.29050387592055,30.678676557824947,-43.93597383071443,12.36964390772908,1770,4
275,prior_disability,5.0,-126.54506184022874,-71.15145934495843,-55.76951823024079,-46.17454398999456,0.525177947152406,-58.47461518181425,20.338589021718263,470,4
276,any_afib_diagnosis,0.0,-22.91539926744648,1.7723551776446402,2.5199736840091647,3.6715166859980672,24.166372894728557,2.792153530604968,1.9026154692328376,19915,4
277,any_afib_diagnosis,1.0,-46.40201564956456,-9.95942602545023,-6.382658985815942,-3.510453612115234,85.22957976636476,-6.815032119927295,5.785518239723246,7360,4
278,precise_onset_known,0.0,-34.520020611118525,-5.0964732824079695,-3.5686132319271566,-2.196995766335167,23.500399265885353,-3.7303668807577517,3.3389493860576698,11480,4
279,precise_onset_known,1.0,-22.343421232663093,1.0194276500865818,1.9740715121477843,2.907476870790124,30.21606147557497,2.080146884074102,2.276059644615406,15800,4
280,Treatment_time_270_both,Early IVT & early MT,-36.2325588045083,9.188037321527954,16.70592271305388,27.55901182166999,77.37333164554089,18.85106730062413,16.399114797028084,375,0
281,Treatment_time_270_both,Early IVT & late MT,-81.68706357596442,-16.36593528860714,-9.307401099298149,-3.120578822540119,39.08013637611643,-10.107789990949337,14.083959458020317,360,0
282,Treatment_time_270_both,Early IVT only,-20.931878351233898,1.8408546562492847,4.187423140686005,6.036715236529708,21.959996039047837,3.7323337518307387,3.7308074236667914,6975,0
283,Treatment_time_270_both,Early MT only,-71.49129124259576,-11.033878449127078,2.8102302230149507,10.507348489426077,74.75681674189866,0.13497492408695985,22.95743869604533,165,0
284,Treatment_time_270_both,Late IVT & late MT,-99.89647763773799,-70.31676595456898,-51.98660694725811,-25.377351971268652,78.6076530392468,-44.10413759210044,40.27625165106592,20,0
285,Treatment_time_270_both,Late IVT only,-49.71759969685227,-6.135938487444073,1.2027886943146586,6.039393846318125,99.20053634461016,-0.2582252999359455,17.543422720532675,250,0
286,Treatment_time_270_both,Late MT only,-86.4578394722566,-36.0147718565166,-26.488310272991658,-16.360238280445337,45.589584914036095,-27.17024922851821,18.06368102034932,265,0
287,Treatment_time_270_both,No treatment,-24.83422706834972,-7.414668440283275,-4.630560932531953,-3.424918996300548,20.859371574614197,-5.775377108733601,4.3967035786139546,18870,0
288,Treatment_time_270_both,Early IVT & early MT,-19.660793208777903,15.157090404555202,22.491494143605234,31.779054733272645,92.86871419031174,23.893858620182232,15.335966476806782,350,1
289,Treatment_time_270_both,Early IVT & late MT,-105.41679241627455,-17.936184332231058,-9.07941339207813,-4.050549769569188,39.66509551644325,-11.831483948938297,16.759361762512352,390,1
290,Treatment_time_270_both,Early IVT only,-34.88171552658081,1.633841785006225,3.638915281035006,5.033604469336569,38.808377410052344,3.2324564703183625,3.7464038561322104,6865,1
291,Treatment_time_270_both,Early MT only,-67.14223942011594,-8.700762589275836,2.008991035223007,14.29054974347353,76.35279487326741,1.0043532334466456,20.427695919488055,155,1
292,Treatment_time_270_both,Late IVT & late MT,-98.50444980710745,-47.977036257609726,-35.73462491437793,-22.870441435575483,-15.080381165146827,-41.528493508774446,23.079296221208136,20,1
293,Treatment_time_270_both,Late IVT only,-61.53921833530068,-3.84818547450006,2.9964680642820896,8.18797679066658,46.92733213439584,2.153007613461004,14.328526650563314,270,1
294,Treatment_time_270_both,Late MT only,-81.10394479759037,-37.77937259100378,-27.20404768541455,-16.350453549623488,51.97825371295214,-26.215959192100513,20.410329673976936,290,1
295,Treatment_time_270_both,No treatment,-25.9299356104061,-6.048454085350968,-4.287142449114472,-3.0487582280859353,18.955017687678335,-4.94724724158586,3.371757655083461,18940,1
296,Treatment_time_270_both,Early IVT & early MT,-35.59779649205506,12.747583983168006,21.183590102791786,30.809538435302674,65.96340998908505,21.256223016093617,15.881034714447562,370,2
297,Treatment_time_270_both,Early IVT & late MT,-99.52782451649196,-32.48517540466041,-25.442825970777776,-18.465062035387383,56.780014717499725,-25.81053253304708,15.73162104460237,385,2
298,Treatment_time_270_both,Early IVT only,-34.837648996301,2.4029744414403105,4.014790558936074,5.625603877913672,35.975866535352544,3.8089655195994374,3.7494762580425465,7015,2
299,Treatment_time_270_both,Early MT only,-66.5011907877028,-7.476520030377433,1.2890108043141661,12.513302871137856,68.66199204280973,1.8364824135152156,19.317470208725215,160,2
300,Treatment_time_270_both,Late IVT & late MT,-45.12065177477896,-9.471220038235188,-1.1022437757253647,8.206724250167609,23.029584577083586,-3.5464368696022652,17.270238182928082,30,2
301,Treatment_time_270_both,Late IVT only,-93.64783785711974,-7.8821823917701845,-0.2279539371840656,4.937193552488461,38.26603697214276,-3.4958885171266707,17.491839594220956,285,2
302,Treatment_time_270_both,Late MT only,-136.48528548438102,-48.8016009244509,-37.614029828924686,-26.84585997971706,48.75413021452725,-38.205569620060125,20.711661663992743,300,2
303,Treatment_time_270_both,No treatment,-26.15258130185306,-5.345991756832227,-3.693036082526669,-3.1664960083644837,10.158494946081191,-4.636802041809387,2.6128587609985696,18740,2
304,Treatment_time_270_both,Early IVT & early MT,-60.08831868909299,11.078369268123062,20.001726180016995,28.443365521952508,78.94856686275452,19.992676123928632,15.286563777322444,350,3
305,Treatment_time_270_both,Early IVT & late MT,-128.65788287564996,-23.4397558584949,-17.266483601201326,-11.441853771619499,45.961049262256125,-17.982220813584807,16.007144492680084,395,3
306,Treatment_time_270_both,Early IVT only,-19.75023661248386,2.4428034756239505,4.993996645426377,6.457349555622787,28.71766425870359,4.500308330003979,3.659835372165151,7055,3
307,Treatment_time_270_both,Early MT only,-70.46041177991778,-9.402488330416382,1.8605240862909704,16.370526930941267,71.02544047091156,2.4256709552397604,23.327048859312708,160,3
308,Treatment_time_270_both,Late IVT & late MT,-45.1919328623265,-12.700379662788473,-2.6641373944003135,15.132223785966636,46.2608937279135,0.3941777943132909,21.45067739062692,15,3
309,Treatment_time_270_both,Late IVT only,-95.52393152620644,-15.536191867117303,-4.818657008968294,0.2897355994209647,67.44402616970241,-8.243137539273793,18.669312901185666,280,3
310,Treatment_time_270_both,Late MT only,-174.77828760394826,-44.79894981406629,-32.02582947965711,-20.881555710732936,35.54378378283232,-34.17657278528095,22.859427858681062,275,3
311,Treatment_time_270_both,No treatment,-22.31798697590828,-5.742038186267019,-4.44781177662313,-3.846834622323513,19.043403810188174,-5.2079548646886344,2.8892275684464703,18745,3
312,Treatment_time_270_both,Early IVT & early MT,-46.33214121658355,8.04042891380377,16.42005524214357,28.166823430359365,71.6115400134027,17.773609800486827,16.864775238715293,395,4
313,Treatment_time_270_both,Early IVT & late MT,-62.05363167956472,-10.049337445572018,-3.879778220029548,1.5650275100022553,39.69253229845315,-4.787644700948062,12.611182117225729,375,4
314,Treatment_time_270_both,Early IVT only,-43.843373229689895,0.533645315556787,2.753305360241793,4.677542554065585,35.503319668881595,2.1074027898785577,4.555582220119087,6905,4
315,Treatment_time_270_both,Early MT only,-60.79335480935872,-12.881138012055308,-0.5518232787400483,7.519451730754227,50.15616852529347,-2.28429290956181,17.708390168759095,160,4
316,Treatment_time_270_both,Late IVT & late MT,-51.28347613222897,-28.92967456812039,-8.401652372963726,-2.272391579989344,69.75423174977303,-8.314094652868807,29.417937040115365,25,4
317,Treatment_time_270_both,Late IVT only,-68.81838184330613,-12.43528129705228,-3.03906802196987,2.4003593428060412,58.233000941127536,-5.694794688973636,16.295922862630622,280,4
318,Treatment_time_270_both,Late MT only,-101.47201646294445,-36.49629449603148,-24.753650259785353,-14.957222886420787,32.89121394090355,-26.365120165780976,18.461979751088908,290,4
319,Treatment_time_270_both,No treatment,-27.202694478612393,-6.303177775554359,-4.7996095753274854,-3.8510923522152005,26.215184903219342,-5.278000532896644,3.921116491888969,18850,4
320,Treatment_time_270_both,Early IVT & early MT (NIHSS 0-10),-22.247498016210738,5.440426650007721,10.769118274708743,15.937458791026147,32.2141980402451,10.43988934892348,9.893548594030444,65,0
321,Treatment_time_270_both,Early IVT & late MT (NIHSS 0-10),-81.68706357596442,-20.74434388391208,-14.452744011678734,-8.171908886912279,39.08013637611643,-15.79543915118889,17.54006026574428,70,0
322,Treatment_time_270_both,Early IVT only (NIHSS 0-10),-18.889425891935826,4.202736244359985,5.524250461962074,7.088342791888863,21.66196526288986,5.528820425144625,2.548097032403526,4065,0
323,Treatment_time_270_both,Early MT only (NIHSS 0-10),-44.632009234018625,-9.94645707335323,-1.1200192543119192,7.149632171895355,22.78182223327458,-2.6001900043458708,14.462053194969563,30,0
324,Treatment_time_270_both,Late IVT & late MT (NIHSS 0-10),-90.79815295130014,-28.070766143202782,-24.47954724729061,-22.191981086432932,-20.270692808032035,-37.1622280472517,26.94345846006003,<10,0
325,Treatment_time_270_both,Late IVT only (NIHSS 0-10),-29.734385041221977,-0.9732547014206647,2.6624832560867073,6.435769586153329,41.059325712770224,2.1305806461677865,9.659587559047516,150,0
326,Treatment_time_270_both,Late MT only (NIHSS 0-10),-81.28260482683778,-44.27551738632843,-28.516355153974146,-16.327383880680426,14.46432468123734,-31.08237993068781,18.63804892974651,65,0
327,Treatment_time_270_both,No treatment (NIHSS 0-10),-17.627325143888594,-5.215797901451587,-3.9105539664812388,-3.2980698780715465,18.875624082107098,-4.096598985161859,2.5534851478021747,14910,0
328,Treatment_time_270_both,Early IVT & early MT (NIHSS 11-42),-36.2325588045083,10.90028215912229,20.199996676722076,30.42831467482727,77.37333164554089,20.668967051475562,16.950047497885325,310,0
329,Treatment_time_270_both,Early IVT & late MT (NIHSS 11-42),-50.07929146023467,-14.972206673817709,-7.564251532568596,-2.1443230457231404,37.409942415552216,-8.744312452535745,12.749227944047254,290,0
330,Treatment_time_270_both,Early IVT only (NIHSS 11-42),-20.931878351233898,-0.5893356161098927,1.6114843493700028,3.180982940071263,21.959996039047837,1.2178240112604748,3.6706041810289203,2905,0
331,Treatment_time_270_both,Early MT only (NIHSS 11-42),-71.49129124259576,-11.785484899859876,3.5559553459472957,11.134316020961851,74.75681674189866,0.767736959769182,24.463346207342074,135,0
332,Treatment_time_270_both,Late IVT & late MT (NIHSS 11-42),-99.89647763773799,-70.65637914478779,-58.89403003379702,-40.73450819730758,78.6076530392468,-46.77410280165764,44.05922801501443,15,0
333,Treatment_time_270_both,Late IVT only (NIHSS 11-42),-49.71759969685227,-16.459427612014114,-4.222598706409335,4.523344167396426,99.20053634461016,-3.9768819789221674,24.878033084456774,95,0
334,Treatment_time_270_both,Late MT only (NIHSS 11-42),-86.4578394722566,-34.078668066710236,-25.562736201472582,-16.61336518741213,45.589584914036095,-25.872758643879042,17.67896157904235,200,0
335,Treatment_time_270_both,No treatment (NIHSS 11-42),-24.83422706834972,-14.795283286906779,-11.994293511919677,-9.17113475766033,20.859371574614197,-12.105961826227192,4.096464576999449,3960,0
336,Treatment_time_270_both,Early IVT & early MT (NIHSS 0-10),-19.660793208777903,5.333393980003893,10.290612802244723,14.446662356406451,52.324827465862036,9.717465942887204,10.755679424630221,55,1
337,Treatment_time_270_both,Early IVT & late MT (NIHSS 0-10),-105.41679241627455,-27.897612900920212,-17.340101880803704,-7.84594260700047,-0.24566105872392655,-21.27262988361115,18.880297091296892,85,1
338,Treatment_time_270_both,Early IVT only (NIHSS 0-10),-14.369794654026627,2.887379081873223,4.002954578623176,5.210881853867322,20.78069332756102,4.121247130052514,2.6900988997197466,4085,1
339,Treatment_time_270_both,Early MT only (NIHSS 0-10),-44.24766041487455,-0.9431643072329462,4.315380217134953,14.960293411314488,25.689021403193475,1.399894852492472,17.38091641984052,25,1
340,Treatment_time_270_both,Late IVT & late MT (NIHSS 0-10),-82.54412342905998,-54.80224174775183,-40.20862672291696,-34.14814668763429,-32.00566997498274,-48.74176171246916,20.158692349936793,<10,1
341,Treatment_time_270_both,Late IVT only (NIHSS 0-10),-26.61666375219822,0.044747662292793394,3.717264184951782,8.229592218995094,43.22429074564948,4.733804078216271,10.63234652244704,195,1
342,Treatment_time_270_both,Late MT only (NIHSS 0-10),-81.10394479759037,-42.55420802880079,-32.49612692281604,-25.102167295161635,-3.9517516811192035,-34.79385941240223,15.026098473405112,95,1
343,Treatment_time_270_both,No treatment (NIHSS 0-10),-23.277599916802718,-4.706700165607035,-3.865749995501246,-2.8553700541891156,18.955017687678335,-3.7669337827546854,2.240455938950348,15010,1
344,Treatment_time_270_both,Early IVT & early MT (NIHSS 11-42),-15.466750103831291,16.850708058201707,25.838233562055976,33.1293601720687,92.86871419031174,26.41516335809041,14.640578041011876,300,1
345,Treatment_time_270_both,Early IVT & late MT (NIHSS 11-42),-81.50082180131227,-15.266961939185858,-7.699638058468699,-2.582864547520876,39.66509551644325,-9.262254071633881,15.147559440411179,305,1
346,Treatment_time_270_both,Early IVT only (NIHSS 11-42),-34.88171552658081,-0.7203793542645872,2.0982338853552935,4.541410596529023,38.808377410052344,1.9280235933613012,4.599243770244638,2780,1
347,Treatment_time_270_both,Early MT only (NIHSS 11-42),-67.14223942011594,-9.577088600769638,1.2318443661928178,14.22932509675622,76.35279487326741,0.9349069949882175,20.916105238461267,130,1
348,Treatment_time_270_both,Late IVT & late MT (NIHSS 11-42),-98.50444980710745,-47.8338910188526,-35.73462491437793,-21.11477856837213,-15.080381165146827,-39.925545019064515,23.379145096781727,20,1
349,Treatment_time_270_both,Late IVT only (NIHSS 11-42),-61.53921833530068,-18.262820178717377,-4.07759711638093,6.2313968931138515,46.92733213439584,-4.349258804234084,19.4600400870015,75,1
350,Treatment_time_270_both,Late MT only (NIHSS 11-42),-73.12337015710771,-36.037030258141456,-22.27088494822383,-10.751582147069275,51.97825371295214,-22.080971393596094,21.353882633012805,195,1
351,Treatment_time_270_both,No treatment (NIHSS 11-42),-25.9299356104061,-11.447655184129253,-9.30709274634719,-7.3472196209058165,16.780715797934683,-9.45402531879829,3.159233116295389,3930,1
352,Treatment_time_270_both,Early IVT & early MT (NIHSS 0-10),-32.86033734466881,-0.6377630862593651,8.353253516256808,14.01481653302908,25.423740901350975,5.2081559343025345,12.95222085105807,60,2
353,Treatment_time_270_both,Early IVT & late MT (NIHSS 0-10),-99.52782451649196,-37.91794699048623,-30.861076584691183,-24.836614408713068,12.599056952446698,-33.312020207899735,14.766844135435706,80,2
354,Treatment_time_270_both,Early IVT only (NIHSS 0-10),-32.42921001902781,3.6929009047476575,4.700859642657451,6.3912630091328175,35.975866535352544,5.016409114631174,2.817484015373685,4100,2
355,Treatment_time_270_both,Early MT only (NIHSS 0-10),-66.5011907877028,-5.625715437978506,1.5048131006583572,7.274926272146404,27.0166370927915,0.21955434037297994,16.81729345151156,25,2
356,Treatment_time_270_both,Late IVT & late MT (NIHSS 0-10),-9.827666388750076,-4.511381528675556,-2.172882660329342,5.06811192817986,9.696385324820875,-0.6622205388342792,6.476344759076177,10,2
357,Treatment_time_270_both,Late IVT only (NIHSS 0-10),-35.63853842683137,-3.3511420691385867,1.0938065576553344,4.968885019980371,38.26603697214276,0.9656430290192366,10.480046119275828,185,2
358,Treatment_time_270_both,Late MT only (NIHSS 0-10),-136.48528548438102,-52.78308300117031,-44.269552774094045,-32.051696166805925,5.588786837458611,-46.15889636125814,22.72854578359891,75,2
359,Treatment_time_270_both,No treatment (NIHSS 0-10),-14.886111376322805,-4.050398125797511,-3.474761765561998,-3.0654618654120713,10.158494946081191,-3.645186089342054,1.368459346817018,14950,2
360,Treatment_time_270_both,Early IVT & early MT (NIHSS 11-42),-35.59779649205506,16.004387112259863,23.443490550592543,32.311310059037055,65.96340998908505,24.444926898794776,14.40993810140594,305,2
361,Treatment_time_270_both,Early IVT & late MT (NIHSS 11-42),-75.69409373238683,-31.258187485117233,-24.223276518282944,-16.383366843480037,56.780014717499725,-23.78710493654078,15.367098590955734,305,2
362,Treatment_time_270_both,Early IVT only (NIHSS 11-42),-34.837648996301,0.4122327654436231,2.4451127215195445,4.125266239633784,25.04812928520143,2.1063081811880005,4.209085010187485,2910,2
363,Treatment_time_270_both,Early MT only (NIHSS 11-42),-50.62670607730746,-9.181885984651744,1.159118670374155,12.787086353525519,68.66199204280973,2.1359135381711853,19.731220887666147,135,2
364,Treatment_time_270_both,Late IVT & late MT (NIHSS 11-42),-45.12065177477896,-25.26625063179061,3.5351245683431625,11.006501869261266,23.029584577083586,-5.309013516182701,21.135506336801754,20,2
365,Treatment_time_270_both,Late IVT only (NIHSS 11-42),-93.64783785711974,-27.250365546531974,-6.438257421925664,4.533594216387719,30.45855514433235,-11.833093931641752,23.785921784054718,100,2
366,Treatment_time_270_both,Late MT only (NIHSS 11-42),-97.00163865342736,-46.94422720165923,-36.17692077420652,-24.99038657197729,48.75413021452725,-35.530683944769315,19.26336235869574,225,2
367,Treatment_time_270_both,No treatment (NIHSS 11-42),-26.15258130185306,-10.076771236695349,-8.378544466765597,-6.782365970695391,4.2156365298852325,-8.550367325296634,2.680675026417368,3790,2
368,Treatment_time_270_both,Early IVT & early MT (NIHSS 0-10),-60.08831868909299,4.224717315882445,12.129796529430896,19.993522126041352,41.08417225465178,11.280068486452635,16.953752464523824,65,3
369,Treatment_time_270_both,Early IVT & late MT (NIHSS 0-10),-128.65788287564996,-33.681823403800664,-23.108589054352485,-17.9339402003595,9.282939876154996,-29.033854386642165,22.250906331567283,85,3
370,Treatment_time_270_both,Early IVT only (NIHSS 0-10),-10.733465389395132,4.475052080405876,5.566431913999841,6.810679290173575,28.71766425870359,5.646500679019027,2.552811071007045,4115,3
371,Treatment_time_270_both,Early MT only (NIHSS 0-10),-70.46041177991778,-27.767561247125265,-9.481153325811029,-1.7034403139911591,15.240320706292987,-15.161280721905491,19.776697786600334,30,3
372,Treatment_time_270_both,Late IVT & late MT (NIHSS 0-10),13.268279596492649,13.268279596492649,13.268279596492649,13.268279596492649,13.268279596492649,13.268279596492649,0.0,<10,3
373,Treatment_time_270_both,Late IVT only (NIHSS 0-10),-52.82420541852713,-8.76910668647848,-4.19213038907852,0.092728478286881,27.81819596670568,-5.408441718983139,11.902929392876382,180,3
374,Treatment_time_270_both,Late MT only (NIHSS 0-10),-174.77828760394826,-51.25483597279526,-40.97992389373481,-25.33177018654067,7.396597884967923,-43.29542192617172,27.57127227810098,70,3
375,Treatment_time_270_both,No treatment (NIHSS 0-10),-22.31798697590828,-4.685840708855539,-4.210039754137397,-3.6946001936495305,19.043403810188174,-4.1665028287766726,1.8201776070465105,14820,3
376,Treatment_time_270_both,Early IVT & early MT (NIHSS 11-42),-23.025420147776604,12.785236142212526,21.838583747670054,30.227163352947684,78.94856686275452,21.898559044626502,14.201530508034162,290,3
377,Treatment_time_270_both,Early IVT & late MT (NIHSS 11-42),-48.39162485641893,-20.483827463971103,-16.09403635468334,-10.144203395987862,45.961049262256125,-14.926142076340648,12.126795201101924,310,3
378,Treatment_time_270_both,Early IVT only (NIHSS 11-42),-19.75023661248386,0.18687929460778832,2.73410952007398,5.5433925887849185,25.55992322128266,2.8919756097172233,4.312975750128503,2935,3
379,Treatment_time_270_both,Early MT only (NIHSS 11-42),-47.700567728560415,-5.978501625908539,6.327888811193406,20.369018969815222,71.02544047091156,6.5874686803657365,22.132585281161756,130,3
380,Treatment_time_270_both,Late IVT & late MT (NIHSS 11-42),-45.1919328623265,-13.289908304149286,-3.0124655025452376,13.73524937339127,46.2608937279135,-0.4640956591653328,21.886545290415263,15,3
381,Treatment_time_270_both,Late IVT only (NIHSS 11-42),-95.52393152620644,-27.017805196344852,-12.056646424490026,3.9397615537326782,67.44402616970241,-13.189959657035919,25.904566690772533,100,3
382,Treatment_time_270_both,Late MT only (NIHSS 11-42),-88.40567406173795,-41.50980885624885,-31.271128185242414,-19.320125136710704,35.54378378283232,-30.9101193616783,19.92433783914215,200,3
383,Treatment_time_270_both,No treatment (NIHSS 11-42),-20.290501781105995,-10.784092007223517,-8.757401108145714,-7.399652765374631,1.3589981666207314,-9.140827707595177,2.79195147730908,3925,3
384,Treatment_time_270_both,Early IVT & early MT (NIHSS 0-10),-46.33214121658355,1.3986962709436193,7.146365825273096,11.561405275980942,52.37348710417748,6.5492452012797875,12.961588089420001,75,4
385,Treatment_time_270_both,Early IVT & late MT (NIHSS 0-10),-62.05363167956472,-10.909765144065023,-6.2613325608335435,-1.5732577037066222,12.675489826444537,-9.263852579576682,14.107496693922759,80,4
386,Treatment_time_270_both,Early IVT only (NIHSS 0-10),-15.223942233882845,2.450255691302009,3.8795275895670054,5.294156626621262,17.34821378748864,3.9352310726642865,2.5327616715156043,4080,4
387,Treatment_time_270_both,Early MT only (NIHSS 0-10),-60.79335480935872,-28.668858576174827,-8.056894487803802,4.477140475464985,14.56890849351883,-12.999408307716044,21.550016824087475,20,4
388,Treatment_time_270_both,Late IVT & late MT (NIHSS 0-10),-51.28347613222897,-20.298099027350545,-8.401652372963726,-0.2650844895467168,39.50933435834944,-8.757451597233969,25.883115996346444,<10,4
389,Treatment_time_270_both,Late IVT only (NIHSS 0-10),-50.455085405874996,-6.4169906976819036,-1.7423371552675961,2.164891988094896,19.611044537555426,-3.5219398385905634,10.929762320999679,175,4
390,Treatment_time_270_both,Late MT only (NIHSS 0-10),-101.47201646294445,-34.23813294288702,-26.24866403475404,-20.25641229853034,22.956901841219516,-27.886238364517304,17.55626282676897,75,4
391,Treatment_time_270_both,No treatment (NIHSS 0-10),-19.6083657271415,-5.193830370604992,-4.458706208597869,-3.4433621297217907,26.215184903219342,-3.977375408089376,2.868307947116777,14985,4
392,Treatment_time_270_both,Early IVT & early MT (NIHSS 11-42),-43.07204747650772,11.384459227398038,19.455046932436527,30.519961735643445,71.6115400134027,20.288606541608694,16.585717018257636,320,4
393,Treatment_time_270_both,Early IVT & late MT (NIHSS 11-42),-48.49424878850579,-9.467043835967779,-3.097172662289813,1.9475394932925703,39.69253229845315,-3.592981111719477,11.89945012913491,295,4
394,Treatment_time_270_both,Early IVT only (NIHSS 11-42),-43.843373229689895,-3.8674481021799147,0.26534747942350806,2.717674873806536,35.503319668881595,-0.5383264806757118,5.444442020099333,2825,4
395,Treatment_time_270_both,Early MT only (NIHSS 11-42),-47.532495716363194,-9.536545980293303,-0.332171428874135,7.588434143383056,50.15616852529347,-0.9066352155134082,16.659433770426297,140,4
396,Treatment_time_270_both,Late IVT & late MT (NIHSS 11-42),-45.293266331218184,-29.859868643106893,-8.484717626981437,-2.721982044680044,69.75423174977303,-8.120125989709049,30.835265583938853,15,4
397,Treatment_time_270_both,Late IVT only (NIHSS 11-42),-68.81838184330613,-25.548387385606766,-7.290206625945866,3.0668094172235576,58.233000941127536,-9.815763739366828,22.223919654010075,100,4
398,Treatment_time_270_both,Late MT only (NIHSS 11-42),-84.80135996002704,-37.995295797381544,-24.115493487082425,-13.890928119337186,32.89121394090355,-25.817801935394534,18.74701430123644,215,4
399,Treatment_time_270_both,No treatment (NIHSS 11-42),-27.202694478612393,-12.601829055156559,-10.293299699239434,-8.135145695861429,6.591160988546908,-10.321330091884105,3.3313040048707188,3865,4
